{
    "platform": "Bitay",
    "website": "https://www.bitay.com",
    "logoUrl": "/images/exchanges/bitay-logo.png",
    "stakingOffers": [
        {
            "coin": "Tezos",
            "symbol": "XTZ",
            "apy": "5.8",
            "lockupPeriod": "30",
            "minStaking": "10 XTZ",
            "features": [
                "Esnek Staking",
                "Haftalık Ödeme"
            ],
            "lastUpdated": "2025-05-14T01:07:52.847680",
            "apyTrend": [
                5.7,
                5.8,
                5.9,
                5.8,
                5.7,
                5.8,
                5.8
            ],
            "dayChange": "0.0",
            "rating": 4.3,
            "fees": "0%"
        },
        {
            "coin": "Binance Coin",
            "symbol": "BNB",
            "apy": "8.2",
            "lockupPeriod": "60",
            "minStaking": "0.1 BNB",
            "features": [
                "Kilitli Dönem",
                "Otomatik Uzatma"
            ],
            "lastUpdated": "2025-05-14T01:07:52.847684",
            "apyTrend": [
                8.1,
                8.2,
                8.3,
                8.2,
                8.1,
                8.2,
                8.2
            ],
            "dayChange": "0.0",
            "rating": 4.4,
            "fees": "0%"
        },
        {
            "coin": "Near Protocol",
            "symbol": "NEAR",
            "apy": "11.5",
            "lockupPeriod": "30",
            "minStaking": "5 NEAR",
            "features": [
                "Esnek Staking"
            ],
            "lastUpdated": "2025-05-14T01:07:52.847690",
            "apyTrend": [
                11.4,
                11.5,
                11.6,
                11.5,
                11.4,
                11.5,
                11.5
            ],
            "dayChange": "0.0",
            "rating": 4.6,
            "fees": "0%"
        }
    ],
    "campaigns": [
        {
            "name": "Para Yatırma Bonusu",
            "description": "Hesabınıza 5.000 TL ve üzeri para yatırın, %2 bonus kazanın",
            "expiryDate": "2023-12-31",
            "requirements": [
                "5.000 TL minimum yatırım",
                "KYC onaylı hesap"
            ],
            "reward": "Yatırım miktarının %2'si kadar bonus",
            "lastUpdated": "2025-05-14T01:07:52.873511"
        },
        {
            "name": "Referans Programı",
            "description": "Arkadaşlarınızı Bitay'a davet edin, komisyon kazanın",
            "expiryDate": "Ongoing",
            "requirements": [
                "Aktif hesap"
            ],
            "reward": "Arkadaşlarınızın işlem ücretlerinden %30 komisyon",
            "lastUpdated": "2025-05-14T01:07:52.873515"
        }
    ],
    "lastUpdated": "2025-05-14T01:07:52.874510"
}