{
    "platform": "Bitci",
    "website": "https://www.bitci.com",
    "logoUrl": "/images/exchanges/bitci-logo.png",
    "stakingOffers": [
        {
            "coin": "Bitcoin",
            "symbol": "BTC",
            "apy": "5.2",
            "lockupPeriod": "30",
            "minStaking": "0.01 BTC",
            "features": [
                "Flexible",
                "Daily Rewards"
            ],
            "lastUpdated": "2025-05-14T01:07:52.337792",
            "apyTrend": [
                5.1,
                5.2,
                5.3,
                5.2,
                5.2,
                5.1,
                5.2
            ],
            "dayChange": "0.0",
            "rating": 4.3,
            "fees": "0%"
        },
        {
            "coin": "Ethereum",
            "symbol": "ETH",
            "apy": "6.5",
            "lockupPeriod": "60",
            "minStaking": "0.1 ETH",
            "features": [
                "Lock Period"
            ],
            "lastUpdated": "2025-05-14T01:07:52.337798",
            "apyTrend": [
                6.4,
                6.5,
                6.5,
                6.6,
                6.5,
                6.5,
                6.5
            ],
            "dayChange": "0.0",
            "rating": 4.3,
            "fees": "0%"
        },
        {
            "coin": "Avalanche",
            "symbol": "AVAX",
            "apy": "8.5",
            "lockupPeriod": "30",
            "minStaking": "1 AVAX",
            "features": [
                "Auto Renewal"
            ],
            "lastUpdated": "2025-05-14T01:07:52.337801",
            "apyTrend": [
                8.4,
                8.5,
                8.6,
                8.5,
                8.4,
                8.5,
                8.5
            ],
            "dayChange": "0.0",
            "rating": 4.4,
            "fees": "0%"
        }
    ],
    "campaigns": [
        {
            "name": "Hoş Geldin Kampanyası",
            "description": "Yeni üyeler için özel komisyon indirimi ve bonus fırsatı",
            "expiryDate": "2023-12-31",
            "requirements": [
                "Yeni Kullanıcı",
                "KYC Onayı"
            ],
            "reward": "100 TL Bonus",
            "lastUpdated": "2025-05-14T01:07:52.471998"
        },
        {
            "name": "Referans Programı",
            "description": "Arkadaşlarınızı davet edin, işlem hacimlerinden komisyon kazanın",
            "expiryDate": "Ongoing",
            "requirements": [
                "Onaylı Hesap"
            ],
            "reward": "İşlem hacminin %30'u kadar komisyon",
            "lastUpdated": "2025-05-14T01:07:52.472004"
        }
    ],
    "lastUpdated": "2025-05-14T01:07:52.473442"
}