{
    "platform": "Bitexen",
    "website": "https://www.bitexen.com",
    "logoUrl": "/images/exchanges/bitexen-logo.png",
    "stakingOffers": [
        {
            "coin": "Tether",
            "symbol": "USDT",
            "apy": "7.5",
            "lockupPeriod": "30",
            "minStaking": "100 USDT",
            "features": [
                "Günlük Ödeme",
                "Esnek Dönem"
            ],
            "lastUpdated": "2025-05-14T01:07:52.170711",
            "apyTrend": [
                7.4,
                7.5,
                7.5,
                7.6,
                7.5,
                7.5,
                7.5
            ],
            "dayChange": "0.0",
            "rating": 4.4,
            "fees": "0%"
        },
        {
            "coin": "Polkadot",
            "symbol": "DOT",
            "apy": "11.8",
            "lockupPeriod": "60",
            "minStaking": "5 DOT",
            "features": [
                "Otomatik Yenileme"
            ],
            "lastUpdated": "2025-05-14T01:07:52.170719",
            "apyTrend": [
                11.7,
                11.8,
                11.8,
                11.9,
                11.8,
                11.8,
                11.8
            ],
            "dayChange": "0.0",
            "rating": 4.6,
            "fees": "0.1%"
        },
        {
            "coin": "Chainlink",
            "symbol": "LINK",
            "apy": "6.2",
            "lockupPeriod": "30",
            "minStaking": "5 LINK",
            "features": [
                "Esnek Staking"
            ],
            "lastUpdated": "2025-05-14T01:07:52.170720",
            "apyTrend": [
                6.1,
                6.2,
                6.2,
                6.3,
                6.2,
                6.2,
                6.2
            ],
            "dayChange": "0.0",
            "rating": 4.3,
            "fees": "0.3%"
        }
    ],
    "campaigns": [
        {
            "name": "Yeni Kullanıcı Bonusu",
            "description": "Hesabınızı oluşturun ve ilk yatırımınızı yapın, 50 TRY bonus kazanın",
            "expiryDate": "2023-12-31",
            "requirements": [
                "Yeni Hesap",
                "Minimum 500 TRY Yatırım"
            ],
            "reward": "50 TRY",
            "lastUpdated": "2025-05-14T01:07:52.199571"
        },
        {
            "name": "Kripto Getir",
            "description": "Başka borsalardan Bitexen'e kripto transfer edin ve %1 bonus kazanın",
            "expiryDate": "Ongoing",
            "requirements": [
                "Minimum 1000 TRY değerinde transfer"
            ],
            "reward": "Transfer değerinin %1'i",
            "lastUpdated": "2025-05-14T01:07:52.199576"
        }
    ],
    "lastUpdated": "2025-05-14T01:07:52.200529"
}