{
    "platform": "BtcTurk",
    "website": "https://www.btcturk.com",
    "logoUrl": "/btcturk-logo.png",
    "stakingOffers": [
        {
            "coin": "Tether",
            "symbol": "USDT",
            "apy": "8.0",
            "lockupPeriod": "30",
            "minStaking": "100 USDT",
            "features": [
                "Anlık Bozma",
                "Günlük Ödeme"
            ],
            "lastUpdated": "2025-05-14T01:07:52.008596",
            "apyTrend": [
                7.8,
                7.9,
                8.0,
                8.0,
                8.1,
                8.0,
                8.0
            ],
            "dayChange": "0.0",
            "rating": 4.5,
            "fees": "0%"
        },
        {
            "coin": "Bitcoin",
            "symbol": "BTC",
            "apy": "4.5",
            "lockupPeriod": "60",
            "minStaking": "0.01 BTC",
            "features": [
                "Otomatik Yenileme"
            ],
            "lastUpdated": "2025-05-14T01:07:52.008601",
            "apyTrend": [
                4.4,
                4.5,
                4.5,
                4.6,
                4.5,
                4.5,
                4.5
            ],
            "dayChange": "0.0",
            "rating": 4.8,
            "fees": "0.2%"
        },
        {
            "coin": "Ethereum",
            "symbol": "ETH",
            "apy": "5.2",
            "lockupPeriod": "30",
            "minStaking": "0.1 ETH",
            "features": [
                "Esnek Süre"
            ],
            "lastUpdated": "2025-05-14T01:07:52.008603",
            "apyTrend": [
                5.1,
                5.2,
                5.2,
                5.3,
                5.2,
                5.2,
                5.2
            ],
            "dayChange": "0.0",
            "rating": 4.6,
            "fees": "0.1%"
        }
    ],
    "campaigns": [
        {
            "name": "Yeni Üye Bonusu",
            "description": "Kayıt olun ve KYC tamamlayarak 10 USDT kazanın",
            "expiryDate": "2023-12-31",
            "requirements": [
                "Yeni Hesap",
                "KYC Doğrulama"
            ],
            "reward": "10 USDT",
            "lastUpdated": "2025-05-14T01:07:52.096097"
        },
        {
            "name": "Referans Programı",
            "description": "Arkadaşlarınızı davet edin ve işlem ücretlerinden %50 pay alın",
            "expiryDate": "Ongoing",
            "requirements": [
                "Doğrulanmış Hesap"
            ],
            "reward": "İşlem ücretlerinin %50'si",
            "lastUpdated": "2025-05-14T01:07:52.096101"
        }
    ],
    "lastUpdated": "2025-05-14T01:07:52.096103"
}