{
    "platform": "CoinTR",
    "website": "https://www.cointr.com",
    "logoUrl": "/images/exchanges/cointr-logo.png",
    "stakingOffers": [
        {
            "coin": "Cardano",
            "symbol": "ADA",
            "apy": "6.8",
            "lockupPeriod": "30",
            "minStaking": "50 ADA",
            "features": [
                "Esnek Staking",
                "Günlük Ödeme"
            ],
            "lastUpdated": "2025-05-14T01:07:52.713590",
            "apyTrend": [
                6.7,
                6.8,
                6.9,
                6.8,
                6.7,
                6.8,
                6.8
            ],
            "dayChange": "0.0",
            "rating": 4.3,
            "fees": "0%"
        },
        {
            "coin": "Solana",
            "symbol": "SOL",
            "apy": "7.9",
            "lockupPeriod": "60",
            "minStaking": "1 SOL",
            "features": [
                "Otomatik Yenileme"
            ],
            "lastUpdated": "2025-05-14T01:07:52.713598",
            "apyTrend": [
                7.8,
                7.9,
                8.0,
                7.9,
                7.8,
                7.9,
                7.9
            ],
            "dayChange": "0.0",
            "rating": 4.4,
            "fees": "0%"
        },
        {
            "coin": "Tezos",
            "symbol": "XTZ",
            "apy": "5.5",
            "lockupPeriod": "0",
            "minStaking": "10 XTZ",
            "features": [
                "Esnek Dönem"
            ],
            "lastUpdated": "2025-05-14T01:07:52.713600",
            "apyTrend": [
                5.4,
                5.5,
                5.6,
                5.5,
                5.4,
                5.5,
                5.5
            ],
            "dayChange": "0.0",
            "rating": 4.3,
            "fees": "0%"
        }
    ],
    "campaigns": [
        {
            "name": "Yeni Üye Hoş Geldin Kampanyası",
            "description": "Yeni üyelerimize özel işlem ücreti indirimi",
            "expiryDate": "2023-12-31",
            "requirements": [
                "Yeni Üye",
                "KYC Onayı"
            ],
            "reward": "30 Gün %50 İşlem Ücreti İndirimi",
            "lastUpdated": "2025-05-14T01:07:52.748762"
        },
        {
            "name": "Arkadaşını Getir",
            "description": "Arkadaşlarınızı CoinTR'ye davet edin, hem siz hem arkadaşınız kazansın",
            "expiryDate": "Ongoing",
            "requirements": [
                "Onaylı Hesap"
            ],
            "reward": "Arkadaşınızın işlemlerinden %20 komisyon",
            "lastUpdated": "2025-05-14T01:07:52.748771"
        }
    ],
    "lastUpdated": "2025-05-14T01:07:52.756220"
}