{
    "platform": "ICRYPEX",
    "website": "https://icrypex.com",
    "logoUrl": "/images/exchanges/icrypex-logo.png",
    "stakingOffers": [
        {
            "coin": "Cosmos",
            "symbol": "ATOM",
            "apy": "9.2",
            "lockupPeriod": "30",
            "minStaking": "1 ATOM",
            "features": [
                "Esnek Staking",
                "Günlük Ödeme"
            ],
            "lastUpdated": "2025-05-14T01:07:52.794364",
            "apyTrend": [
                9.1,
                9.2,
                9.3,
                9.2,
                9.1,
                9.2,
                9.2
            ],
            "dayChange": "0.0",
            "rating": 4.5,
            "fees": "0%"
        },
        {
            "coin": "Polkadot",
            "symbol": "DOT",
            "apy": "12.5",
            "lockupPeriod": "60",
            "minStaking": "5 DOT",
            "features": [
                "Kilitli Dönem",
                "Otomatik Yenileme"
            ],
            "lastUpdated": "2025-05-14T01:07:52.794367",
            "apyTrend": [
                12.4,
                12.5,
                12.6,
                12.5,
                12.4,
                12.5,
                12.5
            ],
            "dayChange": "0.0",
            "rating": 4.6,
            "fees": "0%"
        },
        {
            "coin": "Algorand",
            "symbol": "ALGO",
            "apy": "7.8",
            "lockupPeriod": "15",
            "minStaking": "100 ALGO",
            "features": [
                "Esnek Staking"
            ],
            "lastUpdated": "2025-05-14T01:07:52.794369",
            "apyTrend": [
                7.7,
                7.8,
                7.9,
                7.8,
                7.7,
                7.8,
                7.8
            ],
            "dayChange": "0.0",
            "rating": 4.4,
            "fees": "0%"
        }
    ],
    "campaigns": [
        {
            "name": "Yeni Üyelere Özel",
            "description": "İlk kaydınızı tamamlayın ve 100 TL değerinde kripto kazanın",
            "expiryDate": "2023-12-31",
            "requirements": [
                "Yeni Üye",
                "KYC Doğrulaması"
            ],
            "reward": "100 TL değerinde kripto",
            "lastUpdated": "2025-05-14T01:07:52.816445"
        },
        {
            "name": "Trading Kampanyası",
            "description": "Aylık 50.000 TL ve üzeri işlem hacmi yapın, işlem ücretlerinizden %50 indirim kazanın",
            "expiryDate": "Ongoing",
            "requirements": [
                "Aylık minimum 50.000 TL işlem hacmi"
            ],
            "reward": "%50 İşlem Ücreti İndirimi",
            "lastUpdated": "2025-05-14T01:07:52.816449"
        }
    ],
    "lastUpdated": "2025-05-14T01:07:52.817496"
}