{
    "platform": "Paribu",
    "website": "https://www.paribu.com",
    "logoUrl": "/paribu-logo.png",
    "stakingOffers": [
        {
            "coin": "Ethereum",
            "symbol": "ETH",
            "apy": "7.5",
            "lockupPeriod": "60",
            "minStaking": "0.1 ETH",
            "features": [
                "Otomatik Yenileme"
            ],
            "lastUpdated": "2025-05-14T01:07:52.123602",
            "apyTrend": [
                7.3,
                7.4,
                7.5,
                7.6,
                7.5,
                7.5,
                7.5
            ],
            "dayChange": "0.0",
            "rating": 4.2,
            "fees": "0.5%"
        },
        {
            "coin": "Polkadot",
            "symbol": "DOT",
            "apy": "12.0",
            "lockupPeriod": "30",
            "minStaking": "5 DOT",
            "features": [
                "Esnek Süre",
                "Haftalık Ödeme"
            ],
            "lastUpdated": "2025-05-14T01:07:52.123606",
            "apyTrend": [
                11.8,
                11.9,
                12.0,
                12.1,
                12.0,
                12.0,
                12.0
            ],
            "dayChange": "0.0",
            "rating": 4.5,
            "fees": "0.2%"
        },
        {
            "coin": "Cardano",
            "symbol": "ADA",
            "apy": "8.2",
            "lockupPeriod": "45",
            "minStaking": "100 ADA",
            "features": [
                "Günlük Ödeme",
                "Kilitlemesiz"
            ],
            "lastUpdated": "2025-05-14T01:07:52.123608",
            "apyTrend": [
                8.1,
                8.2,
                8.2,
                8.3,
                8.2,
                8.2,
                8.2
            ],
            "dayChange": "0.0",
            "rating": 4.3,
            "fees": "0.1%"
        },
        {
            "coin": "Avalanche",
            "symbol": "AVAX",
            "apy": "9.0",
            "lockupPeriod": "30",
            "minStaking": "1 AVAX",
            "features": [
                "Otomatik Birleştirme"
            ],
            "lastUpdated": "2025-05-14T01:07:52.123609",
            "apyTrend": [
                8.9,
                9.0,
                9.0,
                9.1,
                9.0,
                9.0,
                9.0
            ],
            "dayChange": "0.0",
            "rating": 4.4,
            "fees": "0.3%"
        }
    ],
    "campaigns": [
        {
            "name": "Referans Programı",
            "description": "Arkadaşlarınızı davet edin ve 6 ay boyunca işlem ücretlerinden %30 pay alın",
            "expiryDate": "Ongoing",
            "requirements": [
                "Doğrulanmış Hesap"
            ],
            "reward": "İşlem ücretlerinin %30'u",
            "lastUpdated": "2025-05-14T01:07:52.146499"
        },
        {
            "name": "Trading Yarışması",
            "description": "İşlem hacmine göre ilk 100 trader 10,000 USDT'lik ödül havuzundan pay kazanacak",
            "expiryDate": "2023-08-31",
            "requirements": [
                "Minimum 5,000 TRY işlem hacmi"
            ],
            "reward": "10,000 USDT'den pay",
            "lastUpdated": "2025-05-14T01:07:52.146503"
        },
        {
            "name": "Öğren & Kazan",
            "description": "Eğitim quizlerini tamamlayarak ücretsiz kripto kazanın",
            "expiryDate": "2023-09-15",
            "requirements": [
                "Doğrulanmış Hesap",
                "Quiz Tamamlama"
            ],
            "reward": "Çeşitli token'larda 25 USDT'ye kadar",
            "lastUpdated": "2025-05-14T01:07:52.146505"
        }
    ],
    "lastUpdated": "2025-05-14T01:07:52.147526"
}